,gene,plate,row,column,area.24,mean_intensity.24,area.48,mean_intensity.48
0,ScBTX020,0,0,0,2768.0,0.4172401576217896,2936.0,0.1489979069931053
1,ScBTX020,0,0,1,2458.0,0.4191670020852415,2548.0,0.14107687693770513
2,ScBTX021,0,0,2,1952.0,0.4354959752991374,1977.0,0.6422970794196312
3,ScBTX021,0,0,3,2091.0,0.4521880271545719,2132.0,0.6537119920581372
4,ScBTX020,0,0,4,2460.0,0.4222786403651478,2556.0,0.12726157085872536
5,ScBTX020,0,0,5,2404.0,0.4098455431601424,2512.0,0.12097221174810185
6,ScBTX021,0,0,6,1978.0,0.45632919456825655,2062.0,0.6601141836248929
7,ScBTX021,0,0,7,2056.0,0.4432634055950096,2132.0,0.6530990996438004
8,ScBTX020,0,0,8,2047.0,0.3923076231876229,2099.0,0.13294762574932778
9,ScBTX020,0,0,9,2524.0,0.39663311955252956,2608.0,0.13233659096740866
10,ScBTX021,0,0,10,2188.0,0.4726836931898864,2297.0,0.6664592180945377
11,ScBTX021,0,0,11,2245.0,0.45953979794713806,2289.0,0.6576569890148445
12,ScBTX020,0,0,12,2500.0,0.3824467426533347,2606.0,0.15556593369534952
13,ScBTX020,0,0,13,2462.0,0.37182136310120184,2559.0,0.14469061738104008
14,ScBTX021,0,0,14,2114.0,0.47006547835951035,2181.0,0.6687438028676033
15,ScBTX021,0,0,15,2150.0,0.4734385350663849,2242.0,0.670151629928878
16,ScBTX020,0,0,16,2527.0,0.36414844381672484,2641.0,0.16575023566353428
17,ScBTX020,0,0,17,2467.0,0.35896067378544816,2580.0,0.18402271249491264
18,ScBTX021,0,0,18,2013.0,0.4914357229657499,2082.0,0.6876881695971522
19,ScBTX021,0,0,19,2039.0,0.4990377056518564,2121.0,0.6913535336602217
20,ScBTX020,0,0,20,2081.0,0.3567187735798747,2190.0,0.19566296332297553
21,ScBTX020,0,0,21,2298.0,0.3630189490786882,2385.0,0.19726837179063098
22,ScBTX021,0,0,22,2111.0,0.504932072233662,2116.0,0.6944319639887194
23,ScBTX021,0,0,23,2061.0,0.4896303477571959,2135.0,0.6901777586188215
24,ScBTX020,0,1,0,2386.0,0.44169088150472935,2484.0,0.13029921887133358
25,ScBTX020,0,1,1,1986.0,0.43492653081316307,2094.0,0.12703571452206291
26,ScBTX021,0,1,2,1635.0,0.4490495347646016,1699.0,0.6419181158471592
27,ScBTX021,0,1,3,1719.0,0.461754402806229,1766.0,0.6438488977558742
28,ScBTX020,0,1,4,1940.0,0.4308916312263973,2010.0,0.12002509489340218
29,ScBTX020,0,1,5,1715.0,0.42654468595641587,1778.0,0.13848132056522075
30,ScBTX021,0,1,6,1663.0,0.4573900012968265,1721.0,0.6409094004374752
31,ScBTX021,0,1,7,1784.0,0.46069559985271213,1836.0,0.6498615612024963
32,ScBTX020,0,1,8,1795.0,0.41243910453353416,1839.0,0.13793949234837388
33,ScBTX020,0,1,9,1942.0,0.3979184212249068,2033.0,0.13830170950258788
34,ScBTX021,0,1,10,1727.0,0.48579355112379907,1793.0,0.6493097419525393
35,ScBTX021,0,1,11,1737.0,0.47774300789086555,1792.0,0.6477325142228602
36,ScBTX020,0,1,12,1787.0,0.39280530741583797,1834.0,0.13057146161052324
37,ScBTX020,0,1,13,1493.0,0.39194210434857396,1554.0,0.15238687751531857
38,ScBTX021,0,1,14,1618.0,0.4785691235411523,1674.0,0.6592860496682745
39,ScBTX021,0,1,15,1745.0,0.49540691051847147,1793.0,0.6656976857852148
40,ScBTX020,0,1,16,1786.0,0.3795968704286282,1871.0,0.14218757294327555
41,ScBTX020,0,1,17,1757.0,0.394064253924893,1833.0,0.1483577930726577
42,ScBTX021,0,1,18,1681.0,0.5029105427712165,1732.0,0.6685585784926775
43,ScBTX021,0,1,19,1610.0,0.5114118905208751,1652.0,0.6777939447091393
44,ScBTX020,0,1,20,1724.0,0.3778800098776916,1809.0,0.1735585533170384
45,ScBTX020,0,1,21,1618.0,0.37495374032007617,1704.0,0.18556586226355648
46,ScBTX021,0,1,22,1670.0,0.5121695811702205,1744.0,0.6891637712124911
47,ScBTX021,0,1,23,2081.0,0.49605896115782294,2178.0,0.6917220517709465
48,ScBTX021,0,2,0,1821.0,0.43059996413796864,1910.0,0.6409378193587087
49,ScBTX021,0,2,1,1611.0,0.4478984709592254,1644.0,0.6339301275884264
50,ScBTX020,0,2,2,1831.0,0.41226739722263905,1883.0,0.11373397175014775
51,ScBTX020,0,2,3,1702.0,0.4185714985067351,1744.0,0.11548083516871231
52,ScBTX021,0,2,4,1605.0,0.45754190366962094,1597.0,0.6345048811880586
53,ScBTX021,0,2,5,1642.0,0.4684745248432409,1645.0,0.6359311755416255
54,ScBTX020,0,2,6,1536.0,0.40312292454042503,1583.0,0.1316229811006999
55,ScBTX020,0,2,7,1718.0,0.3894318156029713,1779.0,0.12959466131841232
56,ScBTX021,0,2,8,1532.0,0.47528694178210823,1561.0,0.6391771030002326
57,ScBTX021,0,2,9,1571.0,0.4780106981224544,1596.0,0.6513825459942688
58,ScBTX020,0,2,10,1735.0,0.36927777617491936,1779.0,0.12643451454040325
59,ScBTX020,0,2,11,1648.0,0.3768612079889066,1693.0,0.126386345387916
60,ScBTX021,0,2,12,1526.0,0.48329585176480017,1539.0,0.649399306513122
61,ScBTX021,0,2,13,1477.0,0.48199103164443063,1483.0,0.653838565621766
62,ScBTX020,0,2,14,1594.0,0.36954307794068136,1628.0,0.140844123025992
63,ScBTX020,0,2,15,1791.0,0.3604200436323709,1820.0,0.1621439332716628
64,ScBTX021,0,2,16,1527.0,0.49854976411931284,1532.0,0.6661092852486646
65,ScBTX021,0,2,17,1584.0,0.5072484821129475,1605.0,0.6701741053335901
66,ScBTX020,0,2,18,1723.0,0.3555780834350896,1742.0,0.1868372557079522
67,ScBTX020,0,2,19,1809.0,0.3532446999287099,1833.0,0.19926721606373965
68,ScBTX021,0,2,20,1544.0,0.513486170235562,1521.0,0.672769330676642
69,ScBTX021,0,2,21,1443.0,0.5152211043411973,1470.0,0.6756547518571314
70,ScBTX020,0,2,22,1729.0,0.3740811783689842,1787.0,0.18279663974213953
71,ScBTX020,0,2,23,1961.0,0.3808853775430016,2075.0,0.18629423874268228
72,ScBTX021,0,3,0,1848.0,0.45264843650791436,1930.0,0.6455649486062713
73,ScBTX021,0,3,1,1643.0,0.46471554094503786,1712.0,0.6506197218813041
74,ScBTX020,0,3,2,1689.0,0.4246790177869782,1748.0,0.13135474660675228
75,ScBTX020,0,3,3,1703.0,0.41205844510824535,1742.0,0.12652527444798567
76,ScBTX021,0,3,4,1578.0,0.4743340437834268,1573.0,0.6473109140211434
77,ScBTX021,0,3,5,1614.0,0.48490880204803183,1599.0,0.6517699649133548
78,ScBTX020,0,3,6,1850.0,0.3855660568684785,1854.0,0.12382177897837227
79,ScBTX020,0,3,7,1736.0,0.37239166175085686,1779.0,0.1268134904166646
80,ScBTX021,0,3,8,1548.0,0.47903830826887694,1553.0,0.6431265203937001
81,ScBTX021,0,3,9,1526.0,0.49932972395095543,1549.0,0.6565213574864444
82,ScBTX020,0,3,10,1521.0,0.37136566918210856,1545.0,0.11656664247076959
83,ScBTX020,0,3,11,1576.0,0.36532891633979625,1607.0,0.12003042814513917
84,ScBTX021,0,3,12,1526.0,0.49795290984060653,1516.0,0.6665815972228557
85,ScBTX021,0,3,13,1562.0,0.5076266907662634,1555.0,0.6734105362100574
86,ScBTX020,0,3,14,1642.0,0.35146740315166086,1650.0,0.15281465074916883
87,ScBTX020,0,3,15,1708.0,0.34711935595820775,1740.0,0.16014523013970086
88,ScBTX021,0,3,16,1584.0,0.5193128327929631,1574.0,0.6781041165673811
89,ScBTX021,0,3,17,1628.0,0.5238353028659037,1613.0,0.6828351940425537
90,ScBTX020,0,3,18,1632.0,0.3470491332477428,1650.0,0.19566511734861397
91,ScBTX020,0,3,19,1725.0,0.35135574202034797,1716.0,0.19527214176345983
92,ScBTX021,0,3,20,1577.0,0.5276329638525106,1564.0,0.6841842683639955
93,ScBTX021,0,3,21,1480.0,0.5105895685577334,1464.0,0.677948468592024
94,ScBTX020,0,3,22,1616.0,0.3581691600681265,1702.0,0.18899895910981043
95,ScBTX020,0,3,23,2012.0,0.36866445681685633,2117.0,0.20925658735802338
96,ScBTX020,0,4,0,2214.0,0.4353420010652128,2338.0,0.11897003468754806
97,ScBTX020,0,4,1,1980.0,0.43501691729222164,2060.0,0.11500154879381852
98,ScBTX021,0,4,2,1567.0,0.47118001803304843,1561.0,0.6480088826633343
99,ScBTX021,0,4,3,1598.0,0.4792643616138831,1577.0,0.6423070642927071
100,ScBTX020,0,4,4,1821.0,0.3980096101953812,1852.0,0.12360705043431654
101,ScBTX020,0,4,5,1736.0,0.3976237006910852,1768.0,0.12137393742651383
102,ScBTX021,0,4,6,1497.0,0.47735872422831704,1472.0,0.6454286941344519
103,ScBTX021,0,4,7,1471.0,0.47768548026904106,1457.0,0.6502620264136878
104,ScBTX020,0,4,8,1567.0,0.37199057236875527,1600.0,0.10373705807798123
105,ScBTX020,0,4,9,1760.0,0.3573361239464124,1774.0,0.12825727936301823
106,ScBTX021,0,4,10,1460.0,0.4982398014254549,1461.0,0.6620727856980015
107,ScBTX021,0,4,11,1520.0,0.506026011425972,1520.0,0.6680015870928766
108,ScBTX020,0,4,12,1613.0,0.3480715219872821,1631.0,0.1497586954800862
109,ScBTX020,0,4,13,1652.0,0.347219651095748,1669.0,0.14785252124569015
110,ScBTX021,0,4,14,1435.0,0.5088408017437585,1436.0,0.6714129629285402
111,ScBTX021,0,4,15,1467.0,0.5112085510881083,1466.0,0.676889393472107
112,ScBTX020,0,4,16,1578.0,0.3316286687240292,1605.0,0.16950303947054163
113,ScBTX020,0,4,17,1672.0,0.3327383187372399,1704.0,0.18162061394661097
114,ScBTX021,0,4,18,1595.0,0.5358336308564547,1551.0,0.6900374714780416
115,ScBTX021,0,4,19,1571.0,0.5336962245304483,1544.0,0.6888274839405714
116,ScBTX020,0,4,20,1564.0,0.34773850314148325,1545.0,0.19570825211334741
117,ScBTX020,0,4,21,1595.0,0.3503402166425355,1635.0,0.19710133339884323
118,ScBTX021,0,4,22,1416.0,0.5214519667376092,1444.0,0.688979936696102
119,ScBTX021,0,4,23,1700.0,0.5152713772093739,1805.0,0.6941907544137769
120,ScBTX020,0,5,0,2273.0,0.44350213577664205,2414.0,0.12272482008709192
121,ScBTX020,0,5,1,1812.0,0.434448850185421,1903.0,0.11379653068772627
122,ScBTX021,0,5,2,1598.0,0.48730916327853596,1578.0,0.651850660871456
123,ScBTX021,0,5,3,1621.0,0.5287011435418806,1622.0,0.6760304666096296
124,ScBTX020,0,5,4,1743.0,0.39838429558747523,1750.0,0.10265895942194227
125,ScBTX020,0,5,5,1691.0,0.391211667542701,1697.0,0.1172784038499527
126,ScBTX021,0,5,6,1500.0,0.4900553627235851,1497.0,0.6510936957399117
127,ScBTX021,0,5,7,1482.0,0.4868073641965876,1487.0,0.6596974701419083
128,ScBTX020,0,5,8,1619.0,0.35331682316489527,1659.0,0.10920139427289204
129,ScBTX020,0,5,9,1534.0,0.3628556415681344,1546.0,0.11742956382909828
130,ScBTX021,0,5,10,1481.0,0.5145546891841731,1481.0,0.6694328895005995
131,ScBTX021,0,5,11,1514.0,0.5243913842891925,1502.0,0.6758295097709249
132,ScBTX020,0,5,12,1666.0,0.3480911215579383,1672.0,0.1451518462562263
133,ScBTX020,0,5,13,1661.0,0.35032718122717504,1669.0,0.14143863267700288
134,ScBTX021,0,5,14,1527.0,0.5258343198360408,1513.0,0.6816402643799055
135,ScBTX021,0,5,15,1539.0,0.5345051867233721,1521.0,0.6897918534959977
136,ScBTX020,0,5,16,1681.0,0.33369881616585295,1694.0,0.16599509709481267
137,ScBTX020,0,5,17,1547.0,0.3334651086034,1587.0,0.17432912308762927
138,ScBTX021,0,5,18,1595.0,0.540658395461389,1567.0,0.6958908675961429
139,ScBTX021,0,5,19,1587.0,0.5429283230407975,1548.0,0.6939041855037859
140,ScBTX020,0,5,20,1695.0,0.33871682098870454,1708.0,0.2161590177349013
141,ScBTX020,0,5,21,1647.0,0.35079610423416063,1683.0,0.20088504271426597
142,ScBTX021,0,5,22,1446.0,0.5304049623203028,1475.0,0.694301762708002
143,ScBTX021,0,5,23,1696.0,0.5165873721591675,1783.0,0.6997477874247529
144,ScBTX021,0,6,0,1931.0,0.47066453949945314,2004.0,0.6713104418278196
145,ScBTX021,0,6,1,1624.0,0.4868954819697835,1659.0,0.6604282599559914
146,ScBTX020,0,6,2,1774.0,0.39903837370369755,1796.0,0.10639568815226066
147,ScBTX020,0,6,3,1705.0,0.3944308903647832,1721.0,0.09397767225880566
148,ScBTX021,0,6,4,1531.0,0.49851161969540253,1516.0,0.6576510406561824
149,ScBTX021,0,6,5,1550.0,0.49042791603395147,1526.0,0.65983967625836
150,ScBTX020,0,6,6,1647.0,0.37849061796866174,1661.0,0.111276759704569
151,ScBTX020,0,6,7,1773.0,0.3633370824179974,1803.0,0.13993068371648357
152,ScBTX021,0,6,8,1519.0,0.502221808675865,1487.0,0.6636352128387201
153,ScBTX021,0,6,9,1532.0,0.5090783678048809,1503.0,0.6732638628775485
154,ScBTX020,0,6,10,1594.0,0.3431225645191109,1616.0,0.13047396076395473
155,ScBTX020,0,6,11,1565.0,0.3469970944672356,1579.0,0.13916629464219768
156,ScBTX021,0,6,12,1525.0,0.5335864108037721,1518.0,0.6849431792166532
157,ScBTX021,0,6,13,1520.0,0.5268647810221629,1495.0,0.6878051472727558
158,ScBTX020,0,6,14,1563.0,0.33788152637805663,1597.0,0.1581814094068566
159,ScBTX020,0,6,15,1553.0,0.3351291181839729,1551.0,0.16948729743022364
160,ScBTX021,0,6,16,1568.0,0.5442252570608154,1525.0,0.6967537410347169
161,ScBTX021,0,6,17,1595.0,0.550152402927516,1576.0,0.7037398124808149
162,ScBTX020,0,6,18,1419.0,0.3305579313676201,1416.0,0.18897376266069876
163,ScBTX020,0,6,19,1559.0,0.32893008256765677,1585.0,0.19989748603712384
164,ScBTX021,0,6,20,1441.0,0.5337108764811668,1428.0,0.6980489068232149
165,ScBTX021,0,6,21,1416.0,0.5409534796216299,1400.0,0.6929602160837003
166,ScBTX020,0,6,22,1581.0,0.3698086538740552,1640.0,0.18333554672013647
167,ScBTX020,0,6,23,2016.0,0.35806660233234333,2114.0,0.20122721855571418
168,ScBTX021,0,7,0,1975.0,0.46720282419435183,2077.0,0.6642535335249465
169,ScBTX021,0,7,1,1638.0,0.48066914151040546,1701.0,0.6610607632335898
170,ScBTX020,0,7,2,1698.0,0.4116461412227468,1738.0,0.09642559221608862
171,ScBTX020,0,7,3,1668.0,0.38597181878954834,1698.0,0.10312446144043706
172,ScBTX021,0,7,4,1580.0,0.5048906555693621,1546.0,0.6671730203096599
173,ScBTX021,0,7,5,1550.0,0.49657634680445134,1529.0,0.6587414761916718
174,ScBTX020,0,7,6,1571.0,0.35582214509275406,1600.0,0.13173279441311514
175,ScBTX020,0,7,7,1616.0,0.36753890041343706,1645.0,0.11038412348066048
176,ScBTX021,0,7,8,1560.0,0.5088720193688082,1542.0,0.6704549506304254
177,ScBTX021,0,7,9,1505.0,0.5059805761942695,1483.0,0.6722054845616479
178,ScBTX020,0,7,10,1643.0,0.3355887106539838,1662.0,0.13832535043725924
179,ScBTX020,0,7,11,1661.0,0.3409605606760703,1686.0,0.15299932438577493
180,ScBTX021,0,7,12,1651.0,0.5332417405362321,1619.0,0.6891735331329063
181,ScBTX021,0,7,13,1527.0,0.5357834261557732,1511.0,0.6910922803228532
182,ScBTX020,0,7,14,1661.0,0.33870075499903624,1663.0,0.17146020253817354
183,ScBTX020,0,7,15,1642.0,0.33385543212847385,1641.0,0.16674239273641947
184,ScBTX021,0,7,16,1555.0,0.5426668982176045,1523.0,0.6956795189210192
185,ScBTX021,0,7,17,1526.0,0.5468142716044117,1525.0,0.6983582658484243
186,ScBTX020,0,7,18,1687.0,0.33578146853733454,1682.0,0.19565324059451422
187,ScBTX020,0,7,19,1661.0,0.3334740331624863,1644.0,0.18718426669691846
188,ScBTX021,0,7,20,1478.0,0.5434199796679433,1463.0,0.6977214593082718
189,ScBTX021,0,7,21,1459.0,0.5468850209440588,1450.0,0.6988241850762807
190,ScBTX020,0,7,22,1686.0,0.3646774671311166,1773.0,0.18381591253410814
191,ScBTX020,0,7,23,2115.0,0.3527141257903369,2229.0,0.1801584666437099
192,ScBTX020,0,8,0,2215.0,0.4413577244885444,2358.0,0.11265959168156567
193,ScBTX020,0,8,1,1770.0,0.4341626225694363,1860.0,0.0922691745423202
194,ScBTX021,0,8,2,1557.0,0.4964028877909307,1560.0,0.6617744389566389
195,ScBTX021,0,8,3,1585.0,0.4978670825374407,1559.0,0.6604623839641468
196,ScBTX020,0,8,4,1710.0,0.3943296810077156,1737.0,0.11433034223174224
197,ScBTX020,0,8,5,1600.0,0.388904937367313,1620.0,0.11282312960370293
198,ScBTX021,0,8,6,1480.0,0.4971919678915356,1471.0,0.6648581359699692
199,ScBTX021,0,8,7,1493.0,0.49737791762213873,1491.0,0.6662120933371026
200,ScBTX020,0,8,8,1575.0,0.37041311918343567,1584.0,0.1069446680093009
201,ScBTX020,0,8,9,1683.0,0.3337596674545457,1710.0,0.14317145117102298
202,ScBTX021,0,8,10,1512.0,0.5162687101932417,1502.0,0.6758266252251169
203,ScBTX021,0,8,11,1645.0,0.5308855244880789,1642.0,0.684157829910228
204,ScBTX020,0,8,12,1483.0,0.3367641223790956,1489.0,0.14096201371603567
205,ScBTX020,0,8,13,1378.0,0.3366100118065995,1411.0,0.1427980335230829
206,ScBTX021,0,8,14,1495.0,0.5360665281046779,1482.0,0.6918303740043952
207,ScBTX021,0,8,15,1482.0,0.5418083956214248,1478.0,0.6929499217619682
208,ScBTX020,0,8,16,1631.0,0.3326859115958625,1636.0,0.18301569830758257
209,ScBTX020,0,8,17,1592.0,0.3344681288188022,1595.0,0.18449585839531604
210,ScBTX021,0,8,18,1555.0,0.5407661034830122,1535.0,0.6942226665331055
211,ScBTX021,0,8,19,1558.0,0.5471790678702095,1544.0,0.7022732644773537
212,ScBTX020,0,8,20,1579.0,0.3397893156181091,1599.0,0.19159663443761368
213,ScBTX020,0,8,21,1657.0,0.35013370860898985,1701.0,0.19653025371246013
214,ScBTX021,0,8,22,1482.0,0.5261313704114721,1492.0,0.6917280832561882
215,ScBTX021,0,8,23,1676.0,0.5169226681088911,1750.0,0.6950315194671893
216,ScBTX020,0,9,0,2255.0,0.42996118132996225,2396.0,0.11388709177979395
217,ScBTX020,0,9,1,1735.0,0.43254321922974115,1820.0,0.10717873698447376
218,ScBTX021,0,9,2,1600.0,0.4933558241815101,1597.0,0.6676669334031925
219,ScBTX021,0,9,3,1603.0,0.4953561445339559,1590.0,0.6617139744242585
220,ScBTX020,0,9,4,1766.0,0.38479758741598435,1798.0,0.11213699128843313
221,ScBTX020,0,9,5,1672.0,0.38408775839871445,1693.0,0.10265924722721637
222,ScBTX021,0,9,6,1539.0,0.49669709910642657,1533.0,0.671730734406738
223,ScBTX021,0,9,7,1487.0,0.4994961433563217,1490.0,0.6715949947641147
224,ScBTX020,0,9,8,1554.0,0.35819724057284696,1582.0,0.13205239945457548
225,ScBTX020,0,9,9,1729.0,0.34683759449410695,1756.0,0.13389571000316303
226,ScBTX021,0,9,10,1519.0,0.5110038631195182,1512.0,0.6778258556390427
227,ScBTX021,0,9,11,1536.0,0.5228144473483113,1518.0,0.680881369914745
228,ScBTX020,0,9,12,1608.0,0.3409413148595506,1639.0,0.13520582282112445
229,ScBTX020,0,9,13,1621.0,0.33533825046174986,1654.0,0.15960432510684097
230,ScBTX021,0,9,14,1523.0,0.5336148555339355,1509.0,0.6954562577734017
231,ScBTX021,0,9,15,1478.0,0.5317637822531057,1440.0,0.6928400045412704
232,ScBTX020,0,9,16,1645.0,0.3302409277562081,1662.0,0.1758734489767058
233,ScBTX020,0,9,17,1658.0,0.3316215745264203,1661.0,0.187632736057268
234,ScBTX021,0,9,18,1642.0,0.5597189828914308,1626.0,0.7064472458921908
235,ScBTX021,0,9,19,1650.0,0.5495247157265112,1619.0,0.7011458269301164
236,ScBTX020,0,9,20,1667.0,0.3359776041227169,1670.0,0.20610279379926436
237,ScBTX020,0,9,21,1676.0,0.3509140538879176,1696.0,0.19788356592740752
238,ScBTX021,0,9,22,1467.0,0.5291641870973718,1500.0,0.694988897871132
239,ScBTX021,0,9,23,1758.0,0.5107591641114524,1827.0,0.695243058194129
240,ScBTX021,0,10,0,2126.0,0.4794164050642477,2217.0,0.682573748113772
241,ScBTX021,0,10,1,1624.0,0.47791383231430384,1680.0,0.6663329994182331
242,ScBTX020,0,10,2,1700.0,0.40944233645823747,1743.0,0.11239633950796944
243,ScBTX020,0,10,3,1650.0,0.39820618222926635,1683.0,0.10134592348547547
244,ScBTX021,0,10,4,1603.0,0.4887137146944426,1603.0,0.6646789470459802
245,ScBTX021,0,10,5,1526.0,0.49267743760947225,1519.0,0.6625480598585306
246,ScBTX020,0,10,6,1592.0,0.3673224294467855,1646.0,0.12375557841731988
247,ScBTX020,0,10,7,1654.0,0.36620990054940716,1696.0,0.12610533385568345
248,ScBTX021,0,10,8,1560.0,0.5052134604199344,1546.0,0.6710491354976581
249,ScBTX021,0,10,9,1546.0,0.5136802471968064,1541.0,0.6767333291329283
250,ScBTX020,0,10,10,1658.0,0.34648904000812714,1678.0,0.14018594153941183
251,ScBTX020,0,10,11,1702.0,0.333683943162986,1752.0,0.16192861794033456
252,ScBTX021,0,10,12,1599.0,0.5280457947487537,1595.0,0.6880313941595315
253,ScBTX021,0,10,13,1552.0,0.5272131299200231,1540.0,0.6860941605069093
254,ScBTX020,0,10,14,1650.0,0.34054892636868106,1669.0,0.14187322815063047
255,ScBTX020,0,10,15,1627.0,0.33370920266818005,1642.0,0.18133089912063108
256,ScBTX021,0,10,16,1572.0,0.5436961167660174,1578.0,0.6969019327774345
257,ScBTX021,0,10,17,1637.0,0.5416394176330386,1605.0,0.6990528621109106
258,ScBTX020,0,10,18,1617.0,0.3363284694204563,1636.0,0.19601469413914477
259,ScBTX020,0,10,19,1699.0,0.34041239761637515,1723.0,0.19027168940173714
260,ScBTX021,0,10,20,1560.0,0.5400086405353904,1546.0,0.7071452703281345
261,ScBTX021,0,10,21,1471.0,0.5305226899966592,1462.0,0.6924692106475004
262,ScBTX020,0,10,22,1821.0,0.3655086402486539,1878.0,0.20060068356056396
263,ScBTX020,0,10,23,2160.0,0.3673382304765971,2264.0,0.18457685088393488
264,ScBTX021,0,11,0,2104.0,0.47086143490212223,2158.0,0.6760430552137188
265,ScBTX021,0,11,1,1591.0,0.46970249497761646,1649.0,0.6565113633273687
266,ScBTX020,0,11,2,1687.0,0.406295777078144,1745.0,0.124584330740645
267,ScBTX020,0,11,3,1742.0,0.3984162524262981,1763.0,0.1192894424546889
268,ScBTX021,0,11,4,1594.0,0.49569568801280867,1583.0,0.6669191546928678
269,ScBTX021,0,11,5,1558.0,0.48882406551983765,1559.0,0.6651932693277767
270,ScBTX020,0,11,6,1707.0,0.37061257300509687,1738.0,0.1269628746656507
271,ScBTX020,0,11,7,1564.0,0.3767026379610838,1595.0,0.12474515494849221
272,ScBTX021,0,11,8,1559.0,0.505138593268367,1580.0,0.6726747328162832
273,ScBTX021,0,11,9,1563.0,0.510291296460746,1572.0,0.6747787631757627
274,ScBTX020,0,11,10,1674.0,0.33866629784342805,1699.0,0.14115328716556597
275,ScBTX020,0,11,11,1656.0,0.34341026584047446,1692.0,0.14387004453468702
276,ScBTX021,0,11,12,1618.0,0.5224996276111586,1608.0,0.6892363716788097
277,ScBTX021,0,11,13,1566.0,0.5218687314498794,1549.0,0.6851729911643362
278,ScBTX020,0,11,14,1674.0,0.33248494493513986,1680.0,0.16384293690552346
279,ScBTX020,0,11,15,1754.0,0.3290073580125176,1753.0,0.1758431832634185
280,ScBTX021,0,11,16,1605.0,0.5385873596638892,1574.0,0.700262784830854
281,ScBTX021,0,11,17,1658.0,0.5429596190252263,1649.0,0.7020866191851874
282,ScBTX020,0,11,18,1770.0,0.33024588044467373,1787.0,0.1860746216098835
283,ScBTX020,0,11,19,1697.0,0.34074051717667586,1711.0,0.2025005134420319
284,ScBTX021,0,11,20,1588.0,0.535457440882185,1586.0,0.7039242377217971
285,ScBTX021,0,11,21,1534.0,0.538438078472254,1550.0,0.6912418004115843
286,ScBTX020,0,11,22,1875.0,0.3677282131700511,1951.0,0.1824349176233502
287,ScBTX020,0,11,23,2121.0,0.3697118647861438,2255.0,0.17174954841041576
288,ScBTX020,0,12,0,2310.0,0.4208029104211256,2443.0,0.12507346958610763
289,ScBTX020,0,12,1,1849.0,0.42723156412007074,1923.0,0.1142184043631904
290,ScBTX021,0,12,2,1551.0,0.47008556667025675,1575.0,0.6575684870427269
291,ScBTX021,0,12,3,1561.0,0.47710904483135236,1589.0,0.6583167765044973
292,ScBTX020,0,12,4,1794.0,0.39205373263687915,1852.0,0.13206392545437473
293,ScBTX020,0,12,5,1809.0,0.39530708494337236,1830.0,0.13491009008664262
294,ScBTX021,0,12,6,1616.0,0.49032417703120773,1643.0,0.6646812967850282
295,ScBTX021,0,12,7,1642.0,0.4935904612793227,1648.0,0.6664971415582013
296,ScBTX020,0,12,8,1897.0,0.3552368636088966,1935.0,0.14793414375067457
297,ScBTX020,0,12,9,1807.0,0.3504523282442822,1819.0,0.15179208596133734
298,ScBTX021,0,12,10,1637.0,0.5107416890069643,1649.0,0.6737255166551689
299,ScBTX021,0,12,11,1673.0,0.5157098031637687,1649.0,0.6820826681066512
300,ScBTX020,0,12,12,1762.0,0.3365616385197132,1761.0,0.16244903598118385
301,ScBTX020,0,12,13,1708.0,0.331265882487909,1732.0,0.18459953358186232
302,ScBTX021,0,12,14,1645.0,0.524969346359718,1625.0,0.6911863400180133
303,ScBTX021,0,12,15,1685.0,0.524161429392414,1657.0,0.6837266080628053
304,ScBTX020,0,12,16,1781.0,0.3502493945291771,1791.0,0.17259787033481902
305,ScBTX020,0,12,17,1793.0,0.33580938839350666,1809.0,0.19110664790653906
306,ScBTX021,0,12,18,1602.0,0.5313582570634797,1581.0,0.6940468244781708
307,ScBTX021,0,12,19,1645.0,0.5270180265154975,1607.0,0.6949998810868243
308,ScBTX020,0,12,20,1727.0,0.3570927866507338,1766.0,0.18186534671629448
309,ScBTX020,0,12,21,1852.0,0.3514051446805891,1871.0,0.21645978795346474
310,ScBTX021,0,12,22,1662.0,0.5267829130500934,1713.0,0.6955886245147539
311,ScBTX021,0,12,23,1827.0,0.5120783667540559,1902.0,0.6978176795050767
312,ScBTX020,0,13,0,2284.0,0.4179916375693673,2429.0,0.12228650009712383
313,ScBTX020,0,13,1,1878.0,0.4221642768987873,1970.0,0.12030765540519402
314,ScBTX021,0,13,2,1627.0,0.45301702701033497,1635.0,0.6518997930933416
315,ScBTX021,0,13,3,1604.0,0.4652176030389851,1640.0,0.6601564184022803
316,ScBTX020,0,13,4,1761.0,0.39448015799764,1814.0,0.14103807636218285
317,ScBTX020,0,13,5,1825.0,0.3996215380449705,1865.0,0.12058688327914799
318,ScBTX021,0,13,6,1674.0,0.48160219201358845,1719.0,0.6634618420457982
319,ScBTX021,0,13,7,1674.0,0.47434221116813174,1691.0,0.6626159566284353
320,ScBTX020,0,13,8,1892.0,0.3799604314349006,1942.0,0.13495641595681712
321,ScBTX020,0,13,9,1875.0,0.36142040287039234,1927.0,0.11835071402386504
322,ScBTX021,0,13,10,1714.0,0.49558875211941894,1726.0,0.6741999511767032
323,ScBTX021,0,13,11,1723.0,0.5051265738495119,1723.0,0.6798340825274588
324,ScBTX020,0,13,12,1861.0,0.3537172171921079,1895.0,0.15566357899127606
325,ScBTX020,0,13,13,1867.0,0.3452716416255541,1897.0,0.15859333235434864
326,ScBTX021,0,13,14,1749.0,0.5172464188278102,1739.0,0.6809567295373947
327,ScBTX021,0,13,15,1757.0,0.5229269831368147,1779.0,0.6849559970239434
328,ScBTX020,0,13,16,1794.0,0.3546387044189604,1831.0,0.16188543578437367
329,ScBTX020,0,13,17,1801.0,0.3525988607971124,1843.0,0.17062208105857757
330,ScBTX021,0,13,18,1675.0,0.5210247728887385,1657.0,0.685128766208192
331,ScBTX021,0,13,19,1650.0,0.5132157918586949,1643.0,0.6868917686951594
332,ScBTX020,0,13,20,1895.0,0.373154644356274,1940.0,0.18367881381449008
333,ScBTX020,0,13,21,1819.0,0.3773631170310092,1882.0,0.1727195222101067
334,ScBTX021,0,13,22,1645.0,0.517652847158023,1687.0,0.6881613148340064
335,ScBTX021,0,13,23,1800.0,0.4871380554637273,1858.0,0.6871970495816593
336,ScBTX021,0,14,0,2081.0,0.45289747309318507,2155.0,0.6768246416398574
337,ScBTX021,0,14,1,1827.0,0.45993500443553187,1887.0,0.6730250310894565
338,ScBTX020,0,14,2,1859.0,0.4176484368977843,1965.0,0.13650033820946753
339,ScBTX020,0,14,3,1903.0,0.40255953190771154,2003.0,0.13846186886656497
340,ScBTX021,0,14,4,1760.0,0.46217597843173425,1799.0,0.6622310063934824
341,ScBTX021,0,14,5,1805.0,0.47318596337280877,1844.0,0.6713451777451146
342,ScBTX020,0,14,6,2003.0,0.3927001427786739,2086.0,0.127113277451162
343,ScBTX020,0,14,7,1930.0,0.38476447377514544,2016.0,0.13886305591271714
344,ScBTX021,0,14,8,1782.0,0.4692678197182981,1840.0,0.667481016903843
345,ScBTX021,0,14,9,1749.0,0.47024928201930954,1793.0,0.6678272399107045
346,ScBTX020,0,14,10,2065.0,0.3560211924965834,2116.0,0.15625122283155413
347,ScBTX020,0,14,11,2019.0,0.3538972025195358,2099.0,0.15737488594373464
348,ScBTX021,0,14,12,1854.0,0.49021830200536676,1908.0,0.6825832450371959
349,ScBTX021,0,14,13,1883.0,0.5050183624366115,1915.0,0.689334365888125
350,ScBTX020,0,14,14,2151.0,0.3419834219782456,2219.0,0.17372647711767397
351,ScBTX020,0,14,15,2046.0,0.3476253684850581,2084.0,0.17036337536952187
352,ScBTX021,0,14,16,1800.0,0.5087200836171909,1852.0,0.6869730147568949
353,ScBTX021,0,14,17,1799.0,0.5006810835949378,1813.0,0.6845508505972189
354,ScBTX020,0,14,18,2046.0,0.3614397267238422,2102.0,0.16869985806943574
355,ScBTX020,0,14,19,2000.0,0.3615040464713924,2066.0,0.18385560522380803
356,ScBTX021,0,14,20,1707.0,0.5023889513840583,1722.0,0.6874129604954557
357,ScBTX021,0,14,21,1693.0,0.5069122332488081,1742.0,0.6887475001800003
358,ScBTX020,0,14,22,1837.0,0.38839439068945636,1929.0,0.18043757410733535
359,ScBTX020,0,14,23,2191.0,0.37655725625792547,2288.0,0.1865413011395511
360,ScBTX021,0,15,0,2846.0,0.4698483335747256,2954.0,0.6869867708125266
361,ScBTX021,0,15,1,2182.0,0.4622654683718776,2280.0,0.6753930896245518
362,ScBTX020,0,15,2,2302.0,0.40634159722549246,2422.0,0.16612217134477986
363,ScBTX020,0,15,3,2326.0,0.4037301639429829,2447.0,0.15793464044926925
364,ScBTX021,0,15,4,2143.0,0.45264410319343473,2233.0,0.6761377866214128
365,ScBTX021,0,15,5,2138.0,0.4449678341220377,2238.0,0.6715115424902109
366,ScBTX020,0,15,6,2370.0,0.39287803059117443,2464.0,0.15220728879873066
367,ScBTX020,0,15,7,2290.0,0.38343820171182047,2402.0,0.16861029567261848
368,ScBTX021,0,15,8,2207.0,0.4493090789147923,2299.0,0.6749659348214427
369,ScBTX021,0,15,9,2206.0,0.469859917849791,2303.0,0.6822933822622644
370,ScBTX020,0,15,10,2600.0,0.3586005756409064,2703.0,0.16847773987358466
371,ScBTX020,0,15,11,2762.0,0.36997920434258696,2866.0,0.16868945512292816
372,ScBTX021,0,15,12,2547.0,0.48870332745989903,2652.0,0.701165614963598
373,ScBTX021,0,15,13,2411.0,0.49575243414613485,2494.0,0.6990531571758332
374,ScBTX020,0,15,14,2642.0,0.3531605380950444,2746.0,0.1917222484617771
375,ScBTX020,0,15,15,2641.0,0.3695080826507481,2746.0,0.16230571832674467
376,ScBTX021,0,15,16,2298.0,0.4943023711930025,2367.0,0.6989441315946602
377,ScBTX021,0,15,17,2224.0,0.5039929932501014,2336.0,0.6959104144106537
378,ScBTX020,0,15,18,2435.0,0.3773368546412077,2551.0,0.17081108539939344
379,ScBTX020,0,15,19,2396.0,0.3805332213628373,2520.0,0.17390298909818447
380,ScBTX021,0,15,20,2100.0,0.49440309928480397,2176.0,0.695673491925506
381,ScBTX021,0,15,21,1969.0,0.48687249502515273,2041.0,0.6953615339380965
382,ScBTX020,0,15,22,2200.0,0.38251974577377684,2326.0,0.1828449514449038
383,ScBTX020,0,15,23,2365.0,0.38361077587364084,2494.0,0.19629640385747787
